Название;Адрес;Телефон;Часы работы;Email;Категория
Надэль;Тюмень, Мельникайте, 84;7 (3452) 20-47-37;пн.- пт. с 10:00 до 19:00;;Блендеры, Холодильники
Бегемотик;Тюмень, Ленина, 71;7 (3452) 46-76-80;пн.- пт. с 10:00 до 19:00;lenina71@mail.ru  ;Компьютеры, Принтеры
Технополис Плюс;Тюмень, Ямская, 116;7 (3452) 43-28-83;пн.- пт. с 10:00 до 19:00;;Принтеры
ТРИКОЛОР ТВ-service;Тюмень, Республики, 42;7 (3452) 70-06-55;пн.- пт. с 10:00 до 19:00;info@agency2.su  ;Телефоны и смартфоны, Принтеры
Квант;Тюмень, Герцена, 88;7 (3452) 40-39-90;пн.- пт. с 10:00 до 19:00;;Компьютеры
Макита-Центр;Тюмень, Чекистов, 31/7;7 (3452) 27-47-71;пн.- пт. с 10:00 до 19:00;in-servis@inbox.ru  ;Дрели
Тюменьбыттехника;Тюмень, Ямская, 91а;7 (3452) 43-48-74;пн.- пт. с 10:00 до 19:00;tbt72@mail.ru  ;Блендеры, Холодильники, Автомагнитолы
Арсенал+;Тюмень, Новаторов, 3а;8-800-200-34-84;пн.- пт. с 10:00 до 19:00;shop@arsplus.ru  ;Компьютеры
Интерфейс;Тюмень, Холодильная, 71а;7 (3452) 49-47-59;пн.- пт. с 10:00 до 19:00;;Компьютеры, Принтеры
Комбинат бытовых услуг;Тюмень, Вересковая, 15 к2/4;7 (3452) 21-44-20;пн.- пт. с 10:00 до 19:00;;Блендеры, Холодильники, Автомагнитолы
Холодофф;Тюмень, Трактовая, 47;7 (3452) 67-50-40;пн.- пт. с 10:00 до 19:00;;Кондиционеры
Вент Универсал;Тюмень, Бакинских Комиссаров, 3;7 (3452) 39-99-63;пн.- пт. с 10:00 до 19:00;;Кондиционеры
Принт-сервис;Тюмень, Хохрякова, 47;7 (3452) 50-75-71;пн.- пт. с 10:00 до 19:00;printservice2@mail.ru  ;Принтеры
СпецСнабСервис;Тюмень, Чекистов, 30/1;7 (3452) 500-775;пн.- пт. с 10:00 до 19:00;;Дрели
МКТ Тюмень;Тюмень, 50 лет Октября, 80;7 (3452) 41-51-24;пн.- пт. с 10:00 до 19:00;238477@mail.ru  ;Принтеры
Алёнка;Тюмень, Червишевский тракт, 5а;7 (3452) 94-15-98;пн.- пт. с 10:00 до 19:00;;Блендеры, Холодильники
Ваш Мастер;Тюмень, Широтная, 118 к2;7 (3452) 64-21-90;пн.- пт. с 10:00 до 19:00;vasmaster_72@mail.ru  ;Блендеры, Холодильники, Автомагнитолы, Компьютеры
Группа Стерх;Тюмень, Максима Горького, 3 к2;7 (3452) 500-376;пн.- пт. с 10:00 до 19:00;office@gr-sterh.ru;Принтеры
ЗСНС-Компьютерс;Тюмень, Геологоразведчиков проезд, 6в;7 (3452) 50-03-69;пн.- пт. с 10:00 до 19:00;sales@zsns.ru  ;Компьютеры
Технологии Нового Времени;Тюмень, Дзержинского, 78а;7 (3452) 21-72-69;пн.- пт. с 10:00 до 19:00;;Принтеры
Торгово-сервисный центр;Тюмень, 50 лет ВЛКСМ, 49 ст3;7 (3452) 52-04-84;пн.- пт. с 10:00 до 19:00;;Блендеры, Холодильники, Принтеры
МастерСервис;Тюмень, Республики, 160;7 (3452) 56-20-30;пн.- пт. с 10:00 до 19:00;sc@infosc.ru  ;Компьютеры, Принтеры
Ролсон компьютерс;Тюмень, Республики, 171/2;7 (3452) 41-88-00;пн.- пт. с 10:00 до 19:00;info@rolsoncomputers.ru  ;Телефоны и смартфоны, Принтеры
Соло-техник;Тюмень, Свердлова, 5;7 (3452) 45-14-80;пн.- пт. с 10:00 до 19:00;torg@solo72.ru;Кондиционеры, Компьютеры
Пульсар;Тюмень, Республики, 169;7 (3452) 20-19-05;пн.- пт. с 10:00 до 19:00;;Блендеры, Холодильники, Автомагнитолы
Монолит;Тюмень, 30 лет Победы, 113а к2;7 (3452) 69-61-17;пн.- пт. с 10:00 до 19:00;monolit@molotok1.ru  ;Дрели
Коротрон;Тюмень, 30 лет Победы, 33;7 (3452) 71-11-44;пн.- пт. с 10:00 до 19:00;;Принтеры
Технологии климата;Тюмень, Александра Логунова, 11;7 (3452) 695-985;пн.- пт. с 10:00 до 19:00;info@ntcklimat.ru  ;Кондиционеры
Альфа;Тюмень, Республики, 211;7 (3452) 611-502;пн.- пт. с 10:00 до 19:00;alfa72@list.ru  ;Компьютеры
Быттехсервис;Тюмень, Мельникайте, 116;7 (3452) 610-268;пн.- пт. с 10:00 до 19:00;bts59@list.ru  ;Блендеры, Холодильники
Железный Магазин;Тюмень, Герцена, 84/2а;7 (3452) 50-69-70;пн.- пт. с 10:00 до 19:00;450849@mail.ru  ;Компьютеры
ИНЭКС;Тюмень, Широтная, 134;7 (3452) 683-222;пн.- пт. с 10:00 до 19:00;support@inecscomp.ru  ;Телефоны и смартфоны
Компания Компьютер-Сервис;Тюмень, Валерии Гнаровской, 12 к2;7 (3452) 39-33-35;пн.- пт. с 10:00 до 19:00;35company@kks.tyumen.ru;Компьютеры, Принтеры
АС;Тюмень, Червишевский тракт, 15/1;7 (3452) 500-569;пн.- пт. с 10:00 до 19:00;dolp.mad@gmail.com;Блендеры, Холодильники, Автомагнитолы, Телефоны и смартфоны, Принтеры
Тахион;Тюмень, Таймырская, 72;7 (3452) 59-30-64;пн.- пт. с 10:00 до 19:00;tahionv@gmail.com  ;Дрели
Дефис;Тюмень, 50 лет Октября, 3/4;7 (3452) 56-11-07;пн.- пт. с 10:00 до 19:00;defis72@tfbi.ru  ;Принтеры
Евросервис;Тюмень, Геологоразведчиков проезд, 33;7 (3452) 20-66-06;пн.- пт. с 10:00 до 19:00;ewrote@mail.ru;Блендеры, Холодильники
Заречная;Тюмень, Щербакова, 98;7 (3452) 49-19-06;пн.- пт. с 10:00 до 19:00;;Блендеры, Холодильники, Автомагнитолы
Сотовик;Тюмень, Червишевский тракт, 64 к2;7 (3452) 500-626;пн.- пт. с 10:00 до 19:00;sotovik72@gmail.com  ;Автомагнитолы, Телефоны и смартфоны
СИБСК;Тюмень, Мельникайте, 106;7 (3452) 59-33-07;пн.- пт. с 10:00 до 19:00;info@sib-sk.ru  ;Принтеры
АСМ;Тюмень, 50 лет Октября, 82;7 (3452) 500-321;пн.- пт. с 10:00 до 19:00;1@500321.ru  ;Телефоны и смартфоны, Принтеры
Многопрофильная компания;Тюмень, Затюменская, 21;7 (3452) 58-91-52;пн.- пт. с 10:00 до 19:00;;Кондиционеры, Блендеры, Холодильники
TV-Сервис;Тюмень, Геологоразведчиков проезд, 35;7 (3452) 20-79-20;пн.- пт. с 10:00 до 19:00;tm@reg.ru;Автомагнитолы, Компьютеры
КБ КИТ;Тюмень, Василия Гольцова, 22;7 (3452) 71-62-62;пн.- пт. с 10:00 до 19:00;;Компьютеры
Профессиональные Бизнес Системы;Тюмень, Широтная, 188а;7 (3452) 57-88-13;пн.- пт. с 10:00 до 19:00;donate@opencart.com  ;Компьютеры
Экватор;Тюмень, Республики, 252/6;7 (3452) 58-71-65;пн.- пт. с 10:00 до 19:00;ekvator_ng@mail.ru  ;Кондиционеры
Цифра;Тюмень, Республики, 188;7 (3452) 517-004;пн.- пт. с 10:00 до 19:00;;Компьютеры
НИКС;Тюмень, Максима Горького, 3;7 (3452) 666-000;пн.- пт. с 10:00 до 19:00;sales@anixx.ru;Компьютеры, Принтеры
РемZona;Тюмень, Рижская, 45а;7 (3452) 20-45-94;пн.- пт. с 10:00 до 19:00;;Автомагнитолы, Телефоны и смартфоны
Сибирь;Тюмень, Первомайская, 6;7 (3452) 92-72-90;пн.- пт. с 10:00 до 19:00;;Автомагнитолы, Телефоны и смартфоны, Принтеры
Фаворит;Тюмень, Республики, 256 к2;7 (3452) 70-17-71;пн.- пт. с 10:00 до 19:00;;Компьютеры, Принтеры
TN-systems;Тюмень, Мельникайте, 125Б;7 (3452) 79-00-76;пн.- пт. с 10:00 до 19:00;ntn@tnsystems.ru  ;Компьютеры
Полиграфика;Тюмень, Республики, 53;7 (3452) 390-112;пн.- пт. с 10:00 до 19:00;poligrafika72@yandex.ru  ;Принтеры
ТюменьЭнергоСвязьСервис;Тюмень, Газовиков, 53 к1;7 (3452) 46-43-17;пн.- пт. с 10:00 до 19:00;;Компьютеры
ПРОКСИ-КОМ;Тюмень, 9 Января, 124;7 (3452) 59-19-30;пн.- пт. с 10:00 до 19:00;71@deozal.ru;Автомагнитолы
Элит-сервис;Тюмень, Минская, 89а;7 (3452) 20-10-59;пн.- пт. с 10:00 до 19:00;elitservice2007@gmail.com  ;Блендеры, Холодильники
Мега;Тюмень, Таврическая, 13а;7 (3452) 67-22-44;пн.- пт. с 10:00 до 19:00;mail@itmega.ru  ;Принтеры
Знак;Тюмень, Ямская, 104а;7 (3452) 99-70-70;пн.- пт. с 10:00 до 19:00;;Компьютеры, Принтеры
ULTRA;Тюмень, Широтная, 112 к3;7 (3452) 68-43-75;пн.- пт. с 10:00 до 19:00;info@ultra72.ru  ;Блендеры, Холодильники, Компьютеры, Принтеры
СибКлимат;Тюмень, ;7 (3452) 479-418;пн.- пт. с 10:00 до 19:00;sibklimat@mail.ru  ;Кондиционеры
Айтилия;Тюмень, Трактовая, 47;7 (3452) 666-001;пн.- пт. с 10:00 до 19:00;info@ittmn.ru;Компьютеры
Кондиционер72;Тюмень, 30 лет Победы, 129;;пн.- пт. с 10:00 до 19:00;kondicioner72@yandex.ru  ;Кондиционеры
Мега-Мастер;Тюмень, 50 лет Октября, 118;7 (3452) 91-88-80;пн.- пт. с 10:00 до 19:00;;Компьютеры, Принтеры
ТехноДоктор;Тюмень, Мельникайте, 66;7 (3452) 517-545;пн.- пт. с 10:00 до 19:00;;Телефоны и смартфоны
25-й кадр;Тюмень, Широтная, 124;7 (3452) 999-552;пн.- пт. с 10:00 до 19:00;novatech2.2@mail.ru;Компьютеры
Спецтехника;Тюмень, Республики, 143 к2;7 (3452) 97-01-40;пн.- пт. с 10:00 до 19:00;spectech72@yandex.ru  ;Дрели
Деньги мигом;Тюмень, Республики, 156;7 (3452) 90-09-96;пн.- пт. с 10:00 до 19:00;;Автомагнитолы, Телефоны и смартфоны
Валео;Тюмень, ;;пн.- пт. с 10:00 до 19:00;;Компьютеры
Тюменская Сервисная Компания+;Тюмень, Республики, 215а;7 (3452) 603-301;пн.- пт. с 10:00 до 19:00;;Компьютеры, Принтеры
Эмвико;Тюмень, Герцена, 103;7 (3452) 50-68-06;пн.- пт. с 10:00 до 19:00;;Автомагнитолы, Телефоны и смартфоны
Космос;Тюмень, Авторемонтная, 1 ст2;7 (3452) 93-01-23;пн.- пт. с 10:00 до 19:00;mail@kosmos72.ru  ;Компьютеры
ВелесТ;Тюмень, Николая Чаплина, 115;7 (3452) 94-49-85;пн.- пт. с 10:00 до 19:00;fng@velest72.ru  ;Блендеры, Холодильники
Политек;Тюмень, Мельникайте, 95а;7 (3452) 68-17-68;пн.- пт. с 10:00 до 19:00;;Принтеры
Nix;Тюмень, Малыгина, 8;7 (3452) 34-23-69;пн.- пт. с 10:00 до 19:00;;Телефоны и смартфоны
Альфа и К;Тюмень, 50 лет Октября, 74 к2;7 (3452) 48-48-15;пн.- пт. с 10:00 до 19:00;alfa517475@gmail.com  ;Принтеры
Ваш Дом;Тюмень, Ватутина, 55;7 (3452) 99-49-09;пн.- пт. с 10:00 до 19:00;dom-remonta-72@yandex.ru  ;Блендеры, Холодильники, Автомагнитолы, Компьютеры
Корунд;Тюмень, Холодильная, 65/3;7 (3452) 49-47-80;пн.- пт. с 10:00 до 19:00;;Компьютеры
ДомКлимат;Тюмень, 50 лет Октября, 62а к2;7 (3452) 41-71-58;пн.- пт. с 10:00 до 19:00;german@pt-tmn.ru;Кондиционеры
TQS;Тюмень, Мельникайте, 55;7 (3452) 52-98-39;пн.- пт. с 10:00 до 19:00;;Телефоны и смартфоны
АКСИОН;Тюмень, Комсомольская, 58;7 (3452) 905-027;пн.- пт. с 10:00 до 19:00;;Компьютеры, Принтеры
Техно Лидер;Тюмень, Осипенко, 81/4;7 (3452) 73-77-23;пн.- пт. с 10:00 до 19:00;;Принтеры
Копир-Сервис;Тюмень, 30 лет Победы, 27/1;7 (3452) 677-909;пн.- пт. с 10:00 до 19:00;;Компьютеры, Принтеры
Техно-Сервис;Тюмень, Станкостроителей, 1;7 (3452) 50-23-73;пн.- пт. с 10:00 до 19:00;techno-service72@list.ru  ;Компьютеры, Принтеры
GSM-master;Тюмень, Майский проезд, 1 к2;7 (3452) 735-999;пн.- пт. с 10:00 до 19:00;;Телефоны и смартфоны
Ремтел;Тюмень, Мельникайте, 90а;7 (3452) 500-454;пн.- пт. с 10:00 до 19:00;remtel72@gmail.com  ;Блендеры, Холодильники, Автомагнитолы, Телефоны и смартфоны
ИнтерКом;Тюмень, Максима Горького, 90;7 (3452) 68-49-00;пн.- пт. с 10:00 до 19:00;info@intercom72.ru;Телефоны и смартфоны
Система;Тюмень, Республики, 169 к1;7 (3452) 40-97-97;пн.- пт. с 10:00 до 19:00;;Компьютеры
Медиапорт;Тюмень, Рижская, 58;7 (3452) 20-09-60;пн.- пт. с 10:00 до 19:00;;Компьютеры, Принтеры
Айтико;Тюмень, 30 лет Победы, 38а;7 (3452) 68-52-72;пн.- пт. с 10:00 до 19:00;info@aitiko.ru  ;Компьютеры
Матрица;Тюмень, Паровозная, 11;7 (3452) 30-77-84;пн.- пт. с 10:00 до 19:00;matrix-72@inbox.ru  ;Телефоны и смартфоны, Принтеры
Мобайл Экспресстехники;Тюмень, Пермякова, 82 к1;7 (3452) 57-80-23;пн.- пт. с 10:00 до 19:00;;Автомагнитолы, Телефоны и смартфоны
Максикомп;Тюмень, Казачьи Луга, 11;;пн.- пт. с 10:00 до 19:00;;Компьютеры
Универсалсервис;Тюмень, 30 лет Победы, 7 ст3;7 (3452) 54-91-90;пн.- пт. с 10:00 до 19:00;;Дрели
Перезагрузка;Тюмень, Мельникайте, 66;;пн.- пт. с 10:00 до 19:00;;Автомагнитолы, Телефоны и смартфоны
А Мастер;Тюмень, Республики, 61;7 (3452) 50-00-42;пн.- пт. с 10:00 до 19:00;vse-delaem@mail.ru  ;Телефоны и смартфоны, Принтеры
Рембытсервис;Тюмень, Рижская, 45а;7 (3452) 96-61-67;пн.- пт. с 10:00 до 19:00;zolnikof2011@yandex.ru  ;Автомагнитолы, Телефоны и смартфоны
Клик;Тюмень, Герцена, 78;7 (3452) 38-11-61;пн.- пт. с 10:00 до 19:00;ooo_click@mail.ru;Телефоны и смартфоны, Дрели
Апгрейд;Тюмень, Мельникайте, 58;7 (3452) 933-229;пн.- пт. с 10:00 до 19:00;608422@mail.ru  ;Телефоны и смартфоны, Принтеры
Орбита-Сервис;Тюмень, Широтная, 200;7 (3452) 603-502;пн.- пт. с 10:00 до 19:00;;Блендеры, Холодильники, Автомагнитолы
Мобил сити;Тюмень, Червишевский тракт, 25;;пн.- пт. с 10:00 до 19:00;;Телефоны и смартфоны
Mobile Service;Тюмень, Орджоникидзе, 63а;7 (3452) 93-16-92;пн.- пт. с 10:00 до 19:00;service2000@inbox.ru  ;Телефоны и смартфоны
СИТИ КЛИМАТ;Тюмень, Одесская, 3 ст1;7 (3452) 39-39-03;пн.- пт. с 10:00 до 19:00;cityclimat.com@yandex.ru  ;Кондиционеры
Сим Ком;Тюмень, 50 лет ВЛКСМ, 107а;7 (3452) 600-322;пн.- пт. с 10:00 до 19:00;sim_kom@mail.ru  ;Блендеры, Холодильники
МОНИТОР;Тюмень, Рабочая, 14а;7 (3452) 600-115;пн.- пт. с 10:00 до 19:00;admin@mail.com  ;Автомагнитолы, Компьютеры
Андромеда-Т;Тюмень, Минская, 3 к1;7 (3452) 26-67-74;пн.- пт. с 10:00 до 19:00;victorrus71@mail.ru  ;Кондиционеры
Знак Качества;Тюмень, Мельникайте, 44а;7 (3452) 616-210;пн.- пт. с 10:00 до 19:00;;Блендеры, Холодильники, Автомагнитолы, Телефоны и смартфоны
Авиком;Тюмень, Пржевальского, 36;7 (3452) 73-84-43;пн.- пт. с 10:00 до 19:00;;Блендеры, Холодильники
Актеом;Тюмень, Циолковского, 7 к1;7 (3452) 68-77-64;пн.- пт. с 10:00 до 19:00;mail@acteom.ru  ;Компьютеры, Принтеры
Эксперт Софт;Тюмень, Николая Гондатти, 1/2;7 (3452) 500-636;пн.- пт. с 10:00 до 19:00;support@expert72.com  ;Компьютеры
V service;Тюмень, 50 лет Октября, 1а;7 (3452) 21-55-88;пн.- пт. с 10:00 до 19:00;workshop1408@gmail.com  ;Блендеры, Холодильники, Телефоны и смартфоны
АйТи Плюс;Тюмень, Мельникайте, 116;7 (3452) 689-000;пн.- пт. с 10:00 до 19:00;info@itpsvc.ru;Компьютеры
Хороший мастер;Тюмень, Максима Горького, 10;7 (3452) 60-61-42;пн.- пт. с 10:00 до 19:00;;Блендеры, Холодильники
Service-Pro;Тюмень, Республики, 40;;пн.- пт. с 10:00 до 19:00;;Телефоны и смартфоны
Находка;Тюмень, Мельникайте, 66;7 (3452) 956-906;пн.- пт. с 10:00 до 19:00;support@tiu.ru  ;Блендеры, Холодильники, Автомагнитолы
Полярная звезда;Тюмень, Минская, 3 к1;7 (3452) 26-60-76;пн.- пт. с 10:00 до 19:00;;Кондиционеры
Управление климата;Тюмень, Ямская, 87а;7 (3452) 500-218;пн.- пт. с 10:00 до 19:00;skakun@72m.su;Кондиционеры
Прогресс;Тюмень, Газовиков, 53 к1;7 (3452) 46-43-17;пн.- пт. с 10:00 до 19:00;;Компьютеры
ДЕОЗАЛ;Тюмень, 9 Января, 124;7 (3452) 59-19-10;пн.- пт. с 10:00 до 19:00;101@deozal.ru;Принтеры
АйТи Лямбда;Тюмень, Харьковская, 83а к4;;пн.- пт. с 10:00 до 19:00;;Компьютеры
Мастер Люкс;Тюмень, Энергостроителей, 22;7 (3452) 929-757;пн.- пт. с 10:00 до 19:00;;Блендеры, Холодильники
АйТи-Мастер;Тюмень, Николая Гондатти, 7/2;7 (3452) 695-639;пн.- пт. с 10:00 до 19:00;admin@admin.ru  ;Компьютеры
Bosch;Тюмень, Республики, 256/2;7 (3452) 68-19-15;пн.- пт. с 10:00 до 19:00;;Дрели
Техносервис;Тюмень, Демьяна Бедного, 5/2;;пн.- пт. с 10:00 до 19:00;;Компьютеры, Принтеры
ОргСервис;Тюмень, Московский тракт, 120 к1;7 (3452) 92-87-97;пн.- пт. с 10:00 до 19:00;orgservis.tmn@mail.ru  ;Компьютеры, Принтеры
Expert;Тюмень, Республики, 200а/2;7 (3452) 68-88-64;пн.- пт. с 10:00 до 19:00;;Автомагнитолы
ИнвертСпецСервис;Тюмень, Комбинатская, 50/1;7 (3452) 62-61-42;пн.- пт. с 10:00 до 19:00;iss72remont@mail.ru  ;Блендеры, Холодильники
Service Printer;Тюмень, Салтыкова-Щедрина, 53;7 (3452) 689-900;пн.- пт. с 10:00 до 19:00;mail@s-printer.org;Компьютеры, Принтеры
Приоритет;Тюмень, Моторостроителей, 4а;7 (3452) 61-45-87;пн.- пт. с 10:00 до 19:00;;Телефоны и смартфоны
Служба компьютерной помощи;Тюмень, ;7 (3452) 987-461;пн.- пт. с 10:00 до 19:00;;Компьютеры
Bar Service;Тюмень, Мельникайте, 98;7 (3452) 500-006;пн.- пт. с 10:00 до 19:00;barista@bar-tm.ru;Блендеры, Холодильники
Айком;Тюмень, Николая Гондатти, 1/2;7 (3452) 500-636;пн.- пт. с 10:00 до 19:00;;Компьютеры, Принтеры
Профессиональные технологии печати;Тюмень, Комсомольская, 58;7 (3452) 50-08-80;пн.- пт. с 10:00 до 19:00;info@ptp-tyumen.ru;Принтеры
СуперМастер;Тюмень, Энергетиков, 16;7 (3452) 594-953;пн.- пт. с 10:00 до 19:00;supermaster72@yandex.ru  ;Блендеры, Холодильники
Альянс Моторс;Тюмень, Федюнинского, 12а;8-800-100-00-62;пн.- пт. с 10:00 до 19:00;d.zorin@ssangyong-tumen.ru  ;
Сигнал-ТВ;Тюмень, Республики, 169;;пн.- пт. с 10:00 до 19:00;;Автомагнитолы
BuZZeR;Тюмень, Малыгина, 84 к1;7 (3452) 70-33-70;пн.- пт. с 10:00 до 19:00;;Телефоны и смартфоны
Принтал;Тюмень, Ямская, 91а;;пн.- пт. с 10:00 до 19:00;;Компьютеры, Принтеры
А Климат;Тюмень, Николая Чаплина, 115;7 (3452) 73-06-12;пн.- пт. с 10:00 до 19:00;;Кондиционеры
ТТЦ;Тюмень, Революции, 16;7 (3452) 695-443;пн.- пт. с 10:00 до 19:00;rumen-tmn@mail.ru  ;Дрели
АкваКомфорт;Тюмень, ;;пн.- пт. с 10:00 до 19:00;;Блендеры, Холодильники
Альфа АйТи;Тюмень, ;7 (3452) 585-124;пн.- пт. с 10:00 до 19:00;;Компьютеры
Самоделкiн;Тюмень, Александра Логунова, 5;7 (3452) 73-80-47;пн.- пт. с 10:00 до 19:00;samodelkinipnikitinvv@mail.ru  ;Блендеры, Холодильники
Мир шитья;Тюмень, Герцена, 86;7 (3452) 39-02-88;пн.- пт. с 10:00 до 19:00;9199292010@mail.ru;Блендеры, Холодильники
Пальмира;Тюмень, Мельникайте, 126/3;7 (3452) 500-066;пн.- пт. с 10:00 до 19:00;profservis72@mail.ru  ;Компьютеры, Принтеры
GSM-Service;Тюмень, Василия Гольцова, 26;7 (3452) 60-55-45;пн.- пт. с 10:00 до 19:00;gsm-service72@mail.ru  ;Автомагнитолы, Телефоны и смартфоны
Восточный;Тюмень, Дружбы, 28;;пн.- пт. с 10:00 до 19:00;;Блендеры, Холодильники, Автомагнитолы, Принтеры
Рембокс;Тюмень, Николая Гондатти, 5/6;7 (3452) 69-94-59;пн.- пт. с 10:00 до 19:00;rembox72.ru@yandex.ru  ;Автомагнитолы, Компьютеры
Центр Установки 72;Тюмень, Коммунистическая, 70 к3;7 (3452) 730-720;пн.- пт. с 10:00 до 19:00;czetr.ustanowcki@yandex.ru  ;Блендеры, Холодильники
Инструмент-Профи;Тюмень, Зои Космодемьянской, 43;7 (3452) 24-98-51;пн.- пт. с 10:00 до 19:00;24-98-51@mail.ru  ;Дрели
Твой мобильный сервис;Тюмень, Холодильная, 84;;пн.- пт. с 10:00 до 19:00;;Телефоны и смартфоны
Компьютерный сервис-центр;Тюмень, Мира, 10;7 (3452) 72-55-98;пн.- пт. с 10:00 до 19:00;;Телефоны и смартфоны
Евроклимат;Тюмень, ;;пн.- пт. с 10:00 до 19:00;;Кондиционеры
Ентер-прайс;Тюмень, Моторостроителей, 4а;;пн.- пт. с 10:00 до 19:00;st360@yandex.ru  ;Телефоны и смартфоны, Принтеры
ААА-РемТех;Тюмень, Пермякова, 43а;7 (3452) 69-21-57;пн.- пт. с 10:00 до 19:00;tmn@42mail.ru  ;Блендеры, Холодильники, Автомагнитолы, Телефоны и смартфоны
Мастеровой;Тюмень, Широтная, 200/2;7 (3452) 78-30-28;пн.- пт. с 10:00 до 19:00;si_tyumen@rambler.ru  ;Блендеры, Холодильники
RemBAZA;Тюмень, Холодильная, 134 к1;7 (3452) 900-404;пн.- пт. с 10:00 до 19:00;rembaza72@gmail.com  ;Телефоны и смартфоны
Офисные решения;Тюмень, Куйбышева, 25;7 (3452) 67-08-05;пн.- пт. с 10:00 до 19:00;am@tofr.ru  ;Компьютеры, Принтеры
ХитМагСервис;Тюмень, Трактовая, 47;7 (3452) 67-30-20;пн.- пт. с 10:00 до 19:00;hitmag-pt@mail.ru;Дрели
Мобильный;Тюмень, Мельникайте, 126 ст2;7 (3452) 531-571;пн.- пт. с 10:00 до 19:00;;Автомагнитолы, Телефоны и смартфоны
Люкс Климат;Тюмень, ;7 (3452) 60-30-20;пн.- пт. с 10:00 до 19:00;luxe-climate@mail.ru  ;Кондиционеры
ТвойСервис;Тюмень, Котовского, 15;7 (3452) 69-31-63;пн.- пт. с 10:00 до 19:00;info@nb72.ru  ;Автомагнитолы, Телефоны и смартфоны
Формат;Тюмень, Чернышевского, 2Б к6;7 (3452) 562-000;пн.- пт. с 10:00 до 19:00;mail@format-it.net  ;Компьютеры
Аиртек;Тюмень, Максима Горького, 90;7 (3452) 390-614;пн.- пт. с 10:00 до 19:00;info@mirtelcom.ru  ;Кондиционеры
Альфа ChipSet;Тюмень, Пермякова, 23/1;7 (3452) 60-42-32;пн.- пт. с 10:00 до 19:00;alfachipset@ya.ru  ;Автомагнитолы, Телефоны и смартфоны, Принтеры
Сервис Партнер;Тюмень, Василия Гольцова, 22;7 (3452) 90-23-01;пн.- пт. с 10:00 до 19:00;;Компьютеры
Эверест;Тюмень, 30 лет Победы, 116;7 (3452) 36-63-30;пн.- пт. с 10:00 до 19:00;;Блендеры, Холодильники, Автомагнитолы, Телефоны и смартфоны, Принтеры
Адрон;Тюмень, Одесская, 52а;7 (3452) 500-110;пн.- пт. с 10:00 до 19:00;info@adrontek.ru  ;Компьютеры
PC-SYSTEMS;Тюмень, Широтная, 148 к2;7 (3452) 90-11-28;пн.- пт. с 10:00 до 19:00;;Телефоны и смартфоны
Apple-Service;Тюмень, 50 лет Октября, 29;7 (3452) 790-295;пн.- пт. с 10:00 до 19:00;servisapple@yandex.ru  ;Автомагнитолы, Телефоны и смартфоны, Принтеры
Торгово-сервисный центр;Тюмень, Валерии Гнаровской, 7;;пн.- пт. с 10:00 до 19:00;;Компьютеры
РемТехСервис;Тюмень, Первомайская, 6;7 (3452) 98-77-93;пн.- пт. с 10:00 до 19:00;;Блендеры, Холодильники
РСС Тюмень;Тюмень, Грибоедова, 13;7 (3452) 399-350;пн.- пт. с 10:00 до 19:00;service@rss.ru  ;Компьютеры
Мастер на дому;Тюмень, Клары Цеткин, 61 к1;7 (3452) 733-039;пн.- пт. с 10:00 до 19:00;mnadomu@bk.ru  ;Блендеры, Холодильники
ЭВМ-Сервис;Тюмень, Ямская, 86;7 (3452) 69-16-75;пн.- пт. с 10:00 до 19:00;saa04041972@gmail.com  ;Автомагнитолы, Телефоны и смартфоны
Абрикос сервис;Тюмень, Закалужская, 83/5;7 (3452) 956-300;пн.- пт. с 10:00 до 19:00;956300@mail.ru  ;Блендеры, Холодильники, Телефоны и смартфоны, Принтеры
Kirby;Тюмень, ;7 (3452) 733-734;пн.- пт. с 10:00 до 19:00;kirby72@mail.ru  ;Блендеры, Холодильники
ONE SERVICE;Тюмень, Максима Горького, 59/1;7 (3452) 578-123;пн.- пт. с 10:00 до 19:00;mail@oneservice72.ru  ;Телефоны и смартфоны
ЧИП;Тюмень, Червишевский тракт, 25;;пн.- пт. с 10:00 до 19:00;;Блендеры, Холодильники, Автомагнитолы, Телефоны и смартфоны
Адда;Тюмень, 30 лет Победы, 81/3;7 (3452) 36-47-51;пн.- пт. с 10:00 до 19:00;;Блендеры, Холодильники, Автомагнитолы, Компьютеры
Реанимастер;Тюмень, Пермякова, 78;7 (3452) 60-36-91;пн.- пт. с 10:00 до 19:00;reanimaster1@gmail.com  ;Блендеры, Холодильники, Автомагнитолы, Телефоны и смартфоны
Компьютерная клиника №722;Тюмень, Софьи Ковалевской, 11;7 (3452) 49-50-06;пн.- пт. с 10:00 до 19:00;pbx@itclinic.ru  ;Блендеры, Холодильники, Автомагнитолы, Телефоны и смартфоны
Сервисный центр;Тюмень, Александра Пушкина, 11а;;пн.- пт. с 10:00 до 19:00;;Автомагнитолы, Телефоны и смартфоны
РЭСТЕХНОЦЕНТР;Тюмень, Александра Логунова, 5;7 (3452) 517-249;пн.- пт. с 10:00 до 19:00;vip-energia@energia-vip.ru  ;Дрели
SD Service;Тюмень, Мельникайте, 109 к1;7 (3452) 66-25-15;пн.- пт. с 10:00 до 19:00;iapple72@yandex.ru  ;Телефоны и смартфоны
Мастерская по ремонту телевидеоаппаратуры;Тюмень, Ершова, 11;7 (3452) 60-20-38;пн.- пт. с 10:00 до 19:00;;Автомагнитолы, Компьютеры
Проф Климат;Тюмень, ;7 (3452) 94-13-58;пн.- пт. с 10:00 до 19:00;;Кондиционеры
Комфорт-Мастер;Тюмень, Ветеранов Труда, 34 ст5;7 (3452) 70-50-10;пн.- пт. с 10:00 до 19:00;705010@bk.ru  ;Кондиционеры, Блендеры, Холодильники
Профессионал-Сервис;Тюмень, Молодёжная, 74 ст4;7 (3452) 989-121;пн.- пт. с 10:00 до 19:00;;Блендеры, Холодильники
ТелеЦифра;Тюмень, Чкалова, 4;7 (34537) 2-34-44;пн.- пт. с 10:00 до 19:00;;Компьютеры
Выездная служба по ремонту холодильников;Тюмень, Максима Горького, 44;;пн.- пт. с 10:00 до 19:00;;Блендеры, Холодильники
Сервисный центр;Тюмень, Широтная, 193 к1;7 (3452) 93-07-37;пн.- пт. с 10:00 до 19:00;;Телефоны и смартфоны
Премиум-Сервис;Тюмень, Республики, 86 к1;;пн.- пт. с 10:00 до 19:00;;Блендеры, Холодильники
Эверлинк;Тюмень, Герцена, 53;7 (3452) 61-81-60;пн.- пт. с 10:00 до 19:00;manager@everlink.com.ru  ;Компьютеры
РемБытТех72;Тюмень, ;7 (3452) 615-340;пн.- пт. с 10:00 до 19:00;admin@remcomp72.ru  ;Блендеры, Холодильники
Тюменские Медиа Системы;Тюмень, Малыгина, 86 к1;7 (3452) 981-188;пн.- пт. с 10:00 до 19:00;tms72mail@gmail.com  ;Принтеры
Левша;Тюмень, Заречный проезд, 6;7 (3452) 47-72-71;пн.- пт. с 10:00 до 19:00;;Дрели
Неон;Тюмень, Моторостроителей, 14/1;7 (3452) 614-601;пн.- пт. с 10:00 до 19:00;sc_neon72@mail.ru  ;Блендеры, Холодильники, Автомагнитолы, Телефоны и смартфоны
Мастерская по ремонту электродвигателей;Тюмень, Червишевский тракт, 5а;;пн.- пт. с 10:00 до 19:00;;Дрели
АркНет;Тюмень, ;;пн.- пт. с 10:00 до 19:00;;Компьютеры
Компьютерная компания;Тюмень, ;;пн.- пт. с 10:00 до 19:00;;Компьютеры
Аура;Тюмень, Энергетиков, 42а;7 (3452) 617-289;пн.- пт. с 10:00 до 19:00;manager@healitfe.ru;Кондиционеры
Тюмень Импорт Сервис;Тюмень, Таврическая, 11;;пн.- пт. с 10:00 до 19:00;;Блендеры, Холодильники, Автомагнитолы, Телефоны и смартфоны
Юz;Тюмень, Республики, 46;7 (3452) 500-550;пн.- пт. с 10:00 до 19:00;3@adld.ru  ;Телефоны и смартфоны
SAMO;Тюмень, Холодильная, 122;;пн.- пт. с 10:00 до 19:00;;Телефоны и смартфоны
Сервисный центр;Тюмень, Авторемонтная, 45 ст3;7 (3452) 64-50-21;пн.- пт. с 10:00 до 19:00;service@zakrepi.ru  ;Дрели
Алекс Сервис;Тюмень, Дружбы, 128 к1 ст11;7 (3452) 61-35-69;пн.- пт. с 10:00 до 19:00;;Дрели
Артель-ИТ;Тюмень, Авторемонтная, 8;;пн.- пт. с 10:00 до 19:00;help@artel-it.ru  ;Компьютеры
Ричклимат;Тюмень, Василия Гольцова, 15/2;7 (3452) 61-30-70;пн.- пт. с 10:00 до 19:00;iroza72@mail.ru;Кондиционеры
Первая компьютерная помощь;Тюмень, Холодильная, 118;8-800-500-16-04;пн.- пт. с 10:00 до 19:00;;Компьютеры
Быстрый вызов;Тюмень, ;;пн.- пт. с 10:00 до 19:00;;Блендеры, Холодильники
ПОЛЦЕНЫ;Тюмень, Беляева, 17;7 (3452) 61-62-25;пн.- пт. с 10:00 до 19:00;;Блендеры, Холодильники, Автомагнитолы, Телефоны и смартфоны
Свои;Тюмень, Одесская, 33;7 (3452) 60-84-36;пн.- пт. с 10:00 до 19:00;info@itlog72.ru  ;Компьютеры
BST SERVICE;Тюмень, Одесская, 59;7 (3452) 98-28-20;пн.- пт. с 10:00 до 19:00;982820@72.ru  ;Блендеры, Холодильники, Автомагнитолы, Телефоны и смартфоны
Инструмент72;Тюмень, 30 лет Победы, 113а ст1;7 (3452) 56-02-07;пн.- пт. с 10:00 до 19:00;instrument72_2@list.ru;Дрели
Nix;Тюмень, Заводская, 15а;7 (3452) 58-78-48;пн.- пт. с 10:00 до 19:00;;Автомагнитолы, Телефоны и смартфоны
IceApple;Тюмень, 50 лет Октября, 30;7 (3452) 60-50-60;пн.- пт. с 10:00 до 19:00;iceapple72@mail.ru  ;Телефоны и смартфоны
РИАН-Телеком;Тюмень, ;;пн.- пт. с 10:00 до 19:00;;Кондиционеры
NEON;Тюмень, Моторостроителей, 14/1;7 (3452) 617-160;пн.- пт. с 10:00 до 19:00;;Автомагнитолы, Компьютеры
Арсенал+;Тюмень, Ленинградская, 14;;пн.- пт. с 10:00 до 19:00;;Компьютеры
Sotorulez;Тюмень, Пермякова, 7Б;;пн.- пт. с 10:00 до 19:00;;Телефоны и смартфоны
Технологии Комфорта;Тюмень, Воровского, 2а;7 (3452) 51-67-60;пн.- пт. с 10:00 до 19:00;bka@hvacservice.ru;Кондиционеры
Топ Климат Тюмень;Тюмень, Первомайская, 6;7 (3452) 66-70-30;пн.- пт. с 10:00 до 19:00;topklimat72@gmail.com;Кондиционеры
Навигатор;Тюмень, 50 лет Октября, 74 к2;;пн.- пт. с 10:00 до 19:00;;Блендеры, Холодильники
Кластер;Тюмень, Газовиков, 20/1;;пн.- пт. с 10:00 до 19:00;klaster@72.ru  ;Телефоны и смартфоны
АТ-СЕРВИС;Тюмень, Сургутская, 11 к4;7 (3452) 90-20-39;пн.- пт. с 10:00 до 19:00;asc@tyumendom.ru;Блендеры, Холодильники
А+;Тюмень, Казачьи Луга, 11;7 (3452) 70-21-12;пн.- пт. с 10:00 до 19:00;;Блендеры, Холодильники, Автомагнитолы, Телефоны и смартфоны
ТЕХНО-SALE;Тюмень, Олимпийская, 51;7 (3452) 73-14-34;пн.- пт. с 10:00 до 19:00;;Блендеры, Холодильники, Телефоны и смартфоны
НАВИ72;Тюмень, Немцова, 39;7 (3452) 60-24-52;пн.- пт. с 10:00 до 19:00;info@navi72.ru  ;Компьютеры
Регион-АГ;Тюмень, ;;пн.- пт. с 10:00 до 19:00;;Блендеры, Холодильники
PRO.SERVICE;Тюмень, ;7 (3452) 705-999;пн.- пт. с 10:00 до 19:00;;Телефоны и смартфоны, Принтеры
Мастер;Тюмень, Домостроителей, 12а;;пн.- пт. с 10:00 до 19:00;;Автомагнитолы
Добродел;Тюмень, Широтная, 200/2;;пн.- пт. с 10:00 до 19:00;dobrodel72@yandex.ru  ;Блендеры, Холодильники
Формат;Тюмень, Чернышевского, 2Б к6;7 (3452) 562-000;пн.- пт. с 10:00 до 19:00;zapravka@format-it.net  ;Принтеры
BP;Тюмень, Моторостроителей, 5;;пн.- пт. с 10:00 до 19:00;;Компьютеры
MICROCORE;Тюмень, Парфёнова, 18;7 (3452) 93-85-85;пн.- пт. с 10:00 до 19:00;72@m-core.ru;Телефоны и смартфоны
BiOS;Тюмень, Дмитрия Менделеева, 18;7 (3452) 610-943;пн.- пт. с 10:00 до 19:00;help@bios72.ru.ru  ;Телефоны и смартфоны, Принтеры
Выездная компания аварийной холодильной помощи;Тюмень, ;7 (3452) 94-39-85;пн.- пт. с 10:00 до 19:00;;Блендеры, Холодильники
АРС;Тюмень, Мельникайте, 48;7 (3452) 58-50-53;пн.- пт. с 10:00 до 19:00;;Компьютеры, Принтеры
Реммастер72;Тюмень, ;;пн.- пт. с 10:00 до 19:00;;Блендеры, Холодильники, Телефоны и смартфоны
Арсенал;Тюмень, Комбинатская, 60;7 (3452) 95-67-21;пн.- пт. с 10:00 до 19:00;;Кондиционеры
Интерфейс+;Тюмень, ;7 (3452) 619-819;пн.- пт. с 10:00 до 19:00;;Компьютеры
КСК-Партнер;Тюмень, Северная, 3/4;7 (3452) 977-399;пн.- пт. с 10:00 до 19:00;scpartner@mail.ru  ;Телефоны и смартфоны, Принтеры
АС Apple Store;Тюмень, Мельникайте, 64;7 (3452) 619-612;пн.- пт. с 10:00 до 19:00;acapple@list.ru  ;Телефоны и смартфоны
Быстросервис;Тюмень, Молодёжная, 74 ст4;7 (3452) 60-24-04;пн.- пт. с 10:00 до 19:00;segaev@mail.ru  ;Блендеры, Холодильники
ДОМАШНИЙ МАСТЕР;Тюмень, Мельникайте, 116;7 (3452) 53-04-53;пн.- пт. с 10:00 до 19:00;72homemaster@gmail.com  ;Блендеры, Холодильники
Принтер-Сервис;Тюмень, Северная, 3/4;7 (3452) 60-61-68;пн.- пт. с 10:00 до 19:00;;Компьютеры
АРМ;Тюмень, Мельникайте, 90а;;пн.- пт. с 10:00 до 19:00;;Телефоны и смартфоны
АйТи-Альянс;Тюмень, Мельничная, 19;;пн.- пт. с 10:00 до 19:00;;Компьютеры, Принтеры
AmazinGame;Тюмень, Московский тракт, 118;7 (3452) 69-23-19;пн.- пт. с 10:00 до 19:00;info@amazingame.ru  ;Автомагнитолы, Телефоны и смартфоны
Оптимус;Тюмень, Республики, 163;7 (3452) 913-213;пн.- пт. с 10:00 до 19:00;;Блендеры, Холодильники, Компьютеры
Экспресс Сервис;Тюмень, Новаторов, 5;7 (3452) 98-66-69;пн.- пт. с 10:00 до 19:00;;Принтеры
Алекс;Тюмень, Широтная, 187;7 (3452) 61-37-48;пн.- пт. с 10:00 до 19:00;;Блендеры, Холодильники
Мобил Сервис;Тюмень, Республики, 57;7 (3452) 38-82-15;пн.- пт. с 10:00 до 19:00;filippenkona@yandex.ru  ;Блендеры, Холодильники, Автомагнитолы, Телефоны и смартфоны
Выгода;Тюмень, Котовского, 16;;пн.- пт. с 10:00 до 19:00;vygoda72@mail.ru  ;Телефоны и смартфоны, Принтеры
AudioHirurg;Тюмень, Пржевальского, 36;;пн.- пт. с 10:00 до 19:00;;Автомагнитолы
СотМастер;Тюмень, Восстания, 19;7 (3452) 60-15-39;пн.- пт. с 10:00 до 19:00;;Телефоны и смартфоны
Альба;Тюмень, Минская, 3 к1;;пн.- пт. с 10:00 до 19:00;;Кондиционеры
Ремонтная мастерская;Тюмень, Червишевский тракт, 5а ст3;7 (3452) 951-221;пн.- пт. с 10:00 до 19:00;;Блендеры, Холодильники
ВентСфера;Тюмень, Демьяна Бедного, 96 ст6/1;8-800-234-49-18;пн.- пт. с 10:00 до 19:00;info@ventsnab.su  ;Кондиционеры
Безотказов;Тюмень, Профсоюзная, 17;7 (3452) 53-09-63;пн.- пт. с 10:00 до 19:00;bezotkazov@gmail.com;Автомагнитолы, Телефоны и смартфоны
iService72;Тюмень, Сургутская, 11 к3;7 (3452) 70-20-20;пн.- пт. с 10:00 до 19:00;feedback@ishop72.ru  ;Телефоны и смартфоны
Garant Servis M;Тюмень, Юганский проезд, 4 к1;;пн.- пт. с 10:00 до 19:00;;Телефоны и смартфоны
Сибсервис;Тюмень, Широтная, 200/2;7 (3452) 93-40-93;пн.- пт. с 10:00 до 19:00;;Блендеры, Холодильники
АдминСистема;Тюмень, Бакинских Комиссаров, 12;7 (3452) 58-94-86;пн.- пт. с 10:00 до 19:00;info@system7.ru  ;Компьютеры
Купи Продай;Тюмень, Олимпийская, 10;;пн.- пт. с 10:00 до 19:00;kupiproday610340@yandex.ru  ;Телефоны и смартфоны
GSM ЭРА;Тюмень, Пограничников, 1Б;;пн.- пт. с 10:00 до 19:00;;Автомагнитолы, Телефоны и смартфоны
Климатехник;Тюмень, ;7 (3452) 60-88-10;пн.- пт. с 10:00 до 19:00;climatechnic@mail.ru  ;Кондиционеры
RE_ON;Тюмень, Мельникайте, 93;7 (3452) 93-23-23;пн.- пт. с 10:00 до 19:00;ruslan7295@mai.ru  ;Телефоны и смартфоны
Электроника-сервис;Тюмень, Тихий проезд, 2;7 (3452) 60-55-46;пн.- пт. с 10:00 до 19:00;;Автомагнитолы, Компьютеры
myApple;Тюмень, Холодильная, 134 к1;;пн.- пт. с 10:00 до 19:00;;Телефоны и смартфоны
Альфа Mobile;Тюмень, 50 лет Октября, 14;7 (3452) 788-955;пн.- пт. с 10:00 до 19:00;amobiletmn@gmail.com  ;Телефоны и смартфоны
Электро;Тюмень, Минская, 96/1;7 (3452) 74-35-41;пн.- пт. с 10:00 до 19:00;;Кондиционеры
Магнат;Тюмень, Строителей, 6Б;;пн.- пт. с 10:00 до 19:00;;Телефоны и смартфоны
Байт;Тюмень, ;7 (3452) 57-80-51;пн.- пт. с 10:00 до 19:00;;Компьютеры
Сервис Центр Тюмень;Тюмень, Червишевский тракт, 31 к1/1;;пн.- пт. с 10:00 до 19:00;veloci1983@gmail.com  ;Телефоны и смартфоны
Все по-честному;Тюмень, Щербакова, 142;7 (3452) 616-311;пн.- пт. с 10:00 до 19:00;;Блендеры, Холодильники, Телефоны и смартфоны
Manhetan;Тюмень, Прокопия Артамонова, 13;;пн.- пт. с 10:00 до 19:00;;Автомагнитолы, Телефоны и смартфоны, Принтеры
РемХолДом;Тюмень, Пржевальского, 40;7 (3452) 71-70-30;пн.- пт. с 10:00 до 19:00;master@remont-holod72.ru  ;Блендеры, Холодильники
Академ-Сервис;Тюмень, Хохрякова, 47;7 (3452) 94-93-99;пн.- пт. с 10:00 до 19:00;;Принтеры
Цифрика;Тюмень, Волгоградская, 18а;7 (3452) 399-377;пн.- пт. с 10:00 до 19:00;;Блендеры, Холодильники, Компьютеры, Принтеры
TechnoSale;Тюмень, Таллинская, 4а;;пн.- пт. с 10:00 до 19:00;;Телефоны и смартфоны
Эстетик;Тюмень, Чернышевского, 2Б к6;7 (3452) 62-73-39;пн.- пт. с 10:00 до 19:00;office@madison.ru;Блендеры, Холодильники
Папа Джобс;Тюмень, Домостроителей, 38;7 (3452) 618-718;пн.- пт. с 10:00 до 19:00;;Телефоны и смартфоны
ТехноДом;Тюмень, Константина Заслонова, 37 ст2;;пн.- пт. с 10:00 до 19:00;info@tces.ru  ;Блендеры, Холодильники
АСЦ;Тюмень, Республики, 204 к1;;пн.- пт. с 10:00 до 19:00;rabota180275@gmail.com  ;Блендеры, Холодильники
IT Support;Тюмень, Жуковского, 26;7 (3452) 616-835;пн.- пт. с 10:00 до 19:00;616835@bk.ru;Автомагнитолы, Телефоны и смартфоны, Принтеры
Dr.Гаджет;Тюмень, Василия Гольцова, 8;7 (3452) 610-601;пн.- пт. с 10:00 до 19:00;;Автомагнитолы, Телефоны и смартфоны
Первый Яблочный PREMIUM;Тюмень, 50 лет Октября, 36;7 (3452) 53-19-30;пн.- пт. с 10:00 до 19:00;tereschvlad@yandex.ru  ;Телефоны и смартфоны
М-Сервис;Тюмень, Пермякова, 70 к2;7 (3452) 68-16-82;пн.- пт. с 10:00 до 19:00;;Телефоны и смартфоны
АйТиДом;Тюмень, ;;пн.- пт. с 10:00 до 19:00;;Компьютеры
Дрим Климат;Тюмень, Новаторов, 15;7 (3452) 500-885;пн.- пт. с 10:00 до 19:00;fr.dir@comdg.ru  ;Кондиционеры
ДИСКОНТ-ТЕХНИКА;Тюмень, Мельникайте, 100а;7 (3452) 613-578;пн.- пт. с 10:00 до 19:00;info@discont-72.ru;Автомагнитолы
Апдейт-PRO;Тюмень, Перекопская, 5;7 (3452) 58-92-39;пн.- пт. с 10:00 до 19:00;pro72@gmail.com  ;Автомагнитолы, Телефоны и смартфоны
МаксГрупп;Тюмень, Авторемонтная, 12;7 (3452) 388-392;пн.- пт. с 10:00 до 19:00;maxgrup@bk.ru  ;Кондиционеры
Комиссионка;Тюмень, Малышева, 37;;пн.- пт. с 10:00 до 19:00;;Телефоны и смартфоны
Антарес;Тюмень, Котовского, 13;7 (3452) 71-88-22;пн.- пт. с 10:00 до 19:00;;Блендеры, Холодильники
РЕМтел;Тюмень, Пермякова, 62;7 (3452) 700-399;пн.- пт. с 10:00 до 19:00;123_gt@mail.ru  ;Блендеры, Холодильники, Телефоны и смартфоны
РемБытТехник;Тюмень, Республики, 171;7 (3452) 399-832;пн.- пт. с 10:00 до 19:00;;Блендеры, Холодильники, Автомагнитолы
Лидер ПК;Тюмень, Станкостроителей, 1;7 (3452) 608-203;пн.- пт. с 10:00 до 19:00;tyumen@mail.com;Блендеры, Холодильники, Автомагнитолы, Телефоны и смартфоны
Свой мастер;Тюмень, Холодильная, 71а;7 (3452) 61-76-76;пн.- пт. с 10:00 до 19:00;ascsvoymaster@yandex.ru  ;Блендеры, Холодильники
DNS;Тюмень, 30 лет Победы, 113а;8-800-770-78-88;пн.- пт. с 10:00 до 19:00;mehonoshina.a@dns-shop.ru;Блендеры, Холодильники, Автомагнитолы, Телефоны и смартфоны
RepaiR Service;Тюмень, Широтная, 61а/1;7 (3452) 58-63-32;пн.- пт. с 10:00 до 19:00;repairservis72@mail.ru  ;Телефоны и смартфоны
АЛЕКС;Тюмень, Червишевский тракт, 5а;;пн.- пт. с 10:00 до 19:00;tyushekov@yandex.ru  ;Блендеры, Холодильники
Техно Доктор;Тюмень, Комсомольская, 56 к1;7 (3452) 38-72-55;пн.- пт. с 10:00 до 19:00;;Блендеры, Холодильники
Удобные Информационные Технологии и Связь;Тюмень, Демьяна Бедного, 96/16;;пн.- пт. с 10:00 до 19:00;uitis@uitis.ru  ;Компьютеры
Ария;Тюмень, Широтная, 200/2;;пн.- пт. с 10:00 до 19:00;;Блендеры, Холодильники
А-Грант;Тюмень, Широтная, 96 к1;;пн.- пт. с 10:00 до 19:00;a_grand_72@mail.ru  ;Компьютеры
ITStudio;Тюмень, Широтная, 29 к1/1;;пн.- пт. с 10:00 до 19:00;it-studio72@yandex.ru  ;Телефоны и смартфоны
АИС-Групп;Тюмень, Дмитрия Менделеева, 18;7 (3452) 92-43-21;пн.- пт. с 10:00 до 19:00;donate@opencart.com  ;Кондиционеры, Компьютеры
Промэлектроника;Тюмень, Малыгина, 84;7 (3452) 28-35-25;пн.- пт. с 10:00 до 19:00;radiocom05@rambler.ru;Автомагнитолы, Телефоны и смартфоны
Альтрон;Тюмень, Молодёжная, 8;;пн.- пт. с 10:00 до 19:00;;Автомагнитолы, Компьютеры
СЕРВИС+;Тюмень, Железнодорожная, 54/1;7 (3452) 58-70-78;пн.- пт. с 10:00 до 19:00;oooservis72@gmail.com;Компьютеры, Принтеры
Fix Club;Тюмень, Червишевский тракт, 64а;7 (3452) 388-322;пн.- пт. с 10:00 до 19:00;;Автомагнитолы, Телефоны и смартфоны
Заряд;Тюмень, Харьковская, 77;7 (3452) 61-45-63;пн.- пт. с 10:00 до 19:00;;Принтеры
АВТОАС 72;Тюмень, Парковая, 4Б;;пн.- пт. с 10:00 до 19:00;;Дрели
Ноутбук72;Тюмень, 50 лет Октября, 21;7 (3452) 607-684;пн.- пт. с 10:00 до 19:00;buk7200@mail.ru  ;Компьютеры
Азбука ремонта бытовой техники;Тюмень, Солнечный проезд, 22;7 (3452) 78-67-76;пн.- пт. с 10:00 до 19:00;;Блендеры, Холодильники
Компания по созданию и продвижению сайтов;Тюмень, ;;пн.- пт. с 10:00 до 19:00;tehmed72@yandex.ru  ;Компьютеры
AppleLife;Тюмень, Станислава Карнацевича, 14;;пн.- пт. с 10:00 до 19:00;info@mapple-life.ru;Телефоны и смартфоны
Berdnikov.tmn;Тюмень, ;7 (3452) 91-38-98;пн.- пт. с 10:00 до 19:00;;Блендеры, Холодильники, Телефоны и смартфоны
Интелси;Тюмень, Одесская, 52а;7 (3452) 500-001;пн.- пт. с 10:00 до 19:00;info@intelsi.ru  ;Кондиционеры
Сервисная служба №1;Тюмень, 50 лет ВЛКСМ, 51;7 (3452) 56-84-57;пн.- пт. с 10:00 до 19:00;info@serv1ce.ru  ;Блендеры, Холодильники
Технотаун;Тюмень, Пермякова, 71 к1;7 (3452) 61-74-74;пн.- пт. с 10:00 до 19:00;info@torvald.ru;Телефоны и смартфоны
Service Integrator;Тюмень, Салтыкова-Щедрина, 53;7 (3452) 68-99-00;пн.- пт. с 10:00 до 19:00;mail@s-integrator.ru  ;Компьютеры
МЕГАСЕРВИС;Тюмень, Хусаинова, 112Б;7 (3452) 703-600;пн.- пт. с 10:00 до 19:00;megaservice72@mail.ru  ;Кондиционеры, Блендеры, Холодильники
Сервисный центр;Тюмень, Щербакова, 146;7 (3452) 93-97-33;пн.- пт. с 10:00 до 19:00;;Телефоны и смартфоны
Компьютерный доктор;Тюмень, Школьная, 14;;пн.- пт. с 10:00 до 19:00;fix-service72@ya.ru  ;Телефоны и смартфоны, Принтеры
АТ Технолоджи;Тюмень, Солнечный проезд, 22;7 (3452) 930-616;пн.- пт. с 10:00 до 19:00;;Блендеры, Холодильники, Автомагнитолы, Телефоны и смартфоны
Абсолют72;Тюмень, Мельникайте, 105;;пн.- пт. с 10:00 до 19:00;admin@absolute72.ru  ;Блендеры, Холодильники
Ломбардыч;Тюмень, Широтная, 118 к1;7 (3452) 530-845;пн.- пт. с 10:00 до 19:00;andreicloud@mail.ru;Автомагнитолы, Телефоны и смартфоны
Дом бытовых услуг;Тюмень, Республики, 162;7 (3452) 51-51-85;пн.- пт. с 10:00 до 19:00;dbu72@mail.ru  ;Блендеры, Холодильники, Автомагнитолы, Телефоны и смартфоны
RED-Service;Тюмень, Московский тракт, 100;;пн.- пт. с 10:00 до 19:00;red-serv72@ya.ru  ;Компьютеры
АСУ-Интеграция;Тюмень, ;;пн.- пт. с 10:00 до 19:00;;Компьютеры, Принтеры
Авантаж;Тюмень, Энергетиков, 42а;7 (3452) 617-289;пн.- пт. с 10:00 до 19:00;airinstal@ya.ru  ;Кондиционеры
Аарон;Тюмень, Геологоразведчиков проезд, 6в;;пн.- пт. с 10:00 до 19:00;info@holmaster.ru  ;Блендеры, Холодильники, Компьютеры
SV-MASTER;Тюмень, Николая Фёдорова, 11 ст1;;пн.- пт. с 10:00 до 19:00;;Телефоны и смартфоны
Аир-Сервис;Тюмень, ;7 (3452) 61-91-06;пн.- пт. с 10:00 до 19:00;airservis72@mail.ru  ;Кондиционеры
Тюмень-сервис;Тюмень, Ивана Словцова, 21;;пн.- пт. с 10:00 до 19:00;remtetex@mail.ru;Блендеры, Холодильники
Реаниматор;Тюмень, Пермякова, 56;;пн.- пт. с 10:00 до 19:00;;Автомагнитолы, Телефоны и смартфоны
Service Team;Тюмень, Салтыкова-Щедрина, 53;7 (3452) 68-99-00;пн.- пт. с 10:00 до 19:00;;Компьютеры, Принтеры
Сытыйкартридж;Тюмень, Демьяна Бедного, 5/2;;пн.- пт. с 10:00 до 19:00;;Принтеры
Квалитет;Тюмень, Николая Зелинского, 24;7 (3452) 60-43-17;пн.- пт. с 10:00 до 19:00;klient@kvalitet72.ru;Дрели
Рассвет Вашего Бизнеса;Тюмень, Республики, 53;7 (3452) 73-23-35;пн.- пт. с 10:00 до 19:00;;Компьютеры, Принтеры
Swap;Тюмень, Советская, 55/8;;пн.- пт. с 10:00 до 19:00;swaptmn@gmail.com  ;Автомагнитолы, Телефоны и смартфоны
Абразив;Тюмень, Федюнинского, 4/1;7 (3452) 588-260;пн.- пт. с 10:00 до 19:00;;Дрели
Ай Ти Движение;Тюмень, 30 лет Победы, 38 ст15;7 (3452) 500-227;пн.- пт. с 10:00 до 19:00;;Компьютеры
ElectrOffOn;Тюмень, Пермякова, 74 к2;;пн.- пт. с 10:00 до 19:00;support@electroffon.ru;
Ямастер;Тюмень, Республики, 163;7 (3452) 913-213;пн.- пт. с 10:00 до 19:00;info@rembtus.ru  ;Блендеры, Холодильники, Автомагнитолы
Климат-Контроль;Тюмень, Мусы Джалиля, 13;7 (3452) 711-142;пн.- пт. с 10:00 до 19:00;;Кондиционеры
УниверсалМастер;Тюмень, ;;пн.- пт. с 10:00 до 19:00;;Блендеры, Холодильники, Дрели
КУПИБУК;Тюмень, Московский тракт, 85;;пн.- пт. с 10:00 до 19:00;kupibook@bk.ru;Компьютеры
ТЕЛЕproff EXPRESS;Тюмень, 30 лет Победы, 38;7 (3452) 600-379;пн.- пт. с 10:00 до 19:00;;Автомагнитолы
Модный чехол;Тюмень, Станислава Карнацевича, 4;;пн.- пт. с 10:00 до 19:00;;Телефоны и смартфоны
МаркетСтрой;Тюмень, Чернышевского, 2Б к9;;пн.- пт. с 10:00 до 19:00;;Кондиционеры
Установка+;Тюмень, Республики, 83;7 (3452) 39-08-31;пн.- пт. с 10:00 до 19:00;89220000825@yandex.ru;Блендеры, Холодильники
МагМастер;Тюмень, Котовского, 13;7 (3452) 78-35-53;пн.- пт. с 10:00 до 19:00;;Блендеры, Холодильники
Быткомплект;Тюмень, Ткацкий проезд, 18;7 (3452) 56-15-05;пн.- пт. с 10:00 до 19:00;mpktorgklimat@mail.ru;Блендеры, Холодильники
ПрофМастер;Тюмень, Малиновского, 6;7 (3452) 61-67-11;пн.- пт. с 10:00 до 19:00;;Блендеры, Холодильники, АвтомагнитолыДрели
AID GROUP;Тюмень, Новаторов, 13/1;7 (3452) 911-207;пн.- пт. с 10:00 до 19:00;aid-group72@mail.ru  ;Блендеры, Холодильники
Соттел;Тюмень, Некрасова, 8а;7 (3452) 605-665;пн.- пт. с 10:00 до 19:00;;Телефоны и смартфоны
Компьютерная помощь-Тюмень;Тюмень, ;7 (3452) 53-37-34;пн.- пт. с 10:00 до 19:00;;Компьютеры
Техномир;Тюмень, Мельникайте, 102;;пн.- пт. с 10:00 до 19:00;;Автомагнитолы
Мастер 72;Тюмень, Елизарова, 21;;пн.- пт. с 10:00 до 19:00;t993345@gmail.com  ;Блендеры, Холодильники, Компьютеры
Апдейт;Тюмень, Московский тракт, 83 к3;7 (3452) 612-504;пн.- пт. с 10:00 до 19:00;info@update72.ru  ;Компьютеры
Фототочка;Тюмень, Самарцева, 30;7 (3452) 60-74-70;пн.- пт. с 10:00 до 19:00;89199252225@mail.ru  ;Компьютеры
Rembt72;Тюмень, Монтажников, 13а;7 (3452) 603-101;пн.- пт. с 10:00 до 19:00;rembt72@mail.ru  ;Блендеры, Холодильники
Like Service;Тюмень, Республики, 94 к1;7 (3452) 95-31-31;пн.- пт. с 10:00 до 19:00;like.72@yandex.ru  ;Автомагнитолы, Телефоны и смартфоны
Центр чистки фотоматрицы;Тюмень, Невская, 31;;пн.- пт. с 10:00 до 19:00;;Автомагнитолы
iSERVICE;Тюмень, 9 Мая проезд, 7 к2;7 (3452) 61-37-76;пн.- пт. с 10:00 до 19:00;admin@iservice-tmn.ru;Блендеры, Холодильники, Автомагнитолы, Телефоны и смартфоны
КопиГрупп;Тюмень, Мельникайте, 125Б;7 (3452) 21-74-01;пн.- пт. с 10:00 до 19:00;;Принтеры
ИнтерТех;Тюмень, Ямская, 87а;7 (3452) 56-84-96;пн.- пт. с 10:00 до 19:00;info@intertech72.ru  ;Компьютеры
SMARTTEL;Тюмень, Ленина, 71;7 (3452) 944-116;пн.- пт. с 10:00 до 19:00;donate@opencart.com;Автомагнитолы, Телефоны и смартфоны
ИМПЕРИЯ БЫТОВОГО СЕРВИСА;Тюмень, Широтная, 200/2;7 (3452) 60-35-65;пн.- пт. с 10:00 до 19:00;info@bu-72.ru  ;Блендеры, Холодильники
Универсальная мастерская;Тюмень, Островского, 34/1;;пн.- пт. с 10:00 до 19:00;;Дрели
Техноарсенал;Тюмень, Пражская, 49 к3;;пн.- пт. с 10:00 до 19:00;admin@sm72.ru  ;Автомагнитолы, Компьютеры
Лайф Сервис;Тюмень, Валерии Гнаровской, 4/2;7 (3452) 533-306;пн.- пт. с 10:00 до 19:00;;Автомагнитолы, Телефоны и смартфоны
iMobileService;Тюмень, Народная, 4 к6;;пн.- пт. с 10:00 до 19:00;;Телефоны и смартфоны
PROGRESS 72;Тюмень, Герцена, 97;;пн.- пт. с 10:00 до 19:00;;Телефоны и смартфоны
ТехноМир;Тюмень, Домостроителей, 28 ст3;;пн.- пт. с 10:00 до 19:00;russia_tyumen_72@mail.ru  ;Телефоны и смартфоны, Принтеры
Честный Сервис;Тюмень, Луначарского, 59;;пн.- пт. с 10:00 до 19:00;;Телефоны и смартфоны
УМ сервис;Тюмень, Водников, 5;7 (3452) 61-33-74;пн.- пт. с 10:00 до 19:00;m_servise@mail.ru;Блендеры, Холодильники, Автомагнитолы, Компьютеры, Принтеры
А-Вега;Тюмень, Садовая, 121а;7 (3452) 353-353;пн.- пт. с 10:00 до 19:00;a-vega.servis@yandex.ru  ;Блендеры, Холодильники
Плюс;Тюмень, Островского, 34/1;;пн.- пт. с 10:00 до 19:00;;Телефоны и смартфоны
Сервисный центр;Тюмень, Ямская, 50;;пн.- пт. с 10:00 до 19:00;;Телефоны и смартфоны
Яблоков;Тюмень, Максима Горького, 59/3;7 (3452) 212-838;пн.- пт. с 10:00 до 19:00;yablokoftm@yandex.ru  ;Телефоны и смартфоны
Тюменский центр по ремонту бытовой техники;Тюмень, Минская, 96/1;7 (3452) 57-99-63;пн.- пт. с 10:00 до 19:00;tymrbt@gmail.com  ;Блендеры, Холодильники
MotorEvo;Тюмень, Московский тракт, 130 ст2;7 (3452) 70-00-67;пн.- пт. с 10:00 до 19:00;motulevo@ya.ru;Кондиционеры
Аквилон;Тюмень, Михаила Сперанского, 17/4;7 (3452) 95-77-87;пн.- пт. с 10:00 до 19:00;master_holod72@mail.ru;Принтеры
АйТи Принт;Тюмень, Пермякова, 21;7 (3452) 989-474;пн.- пт. с 10:00 до 19:00;3452989474@mail.ru  ;Телефоны и смартфоны
Gadjet.Bro;Тюмень, Советская, 97;7 (3452) 61-37-67;пн.- пт. с 10:00 до 19:00;;Блендеры, Холодильники, Компьютеры
ПРОФИ;Тюмень, Солнечный проезд, 22;7 (3452) 930-616;пн.- пт. с 10:00 до 19:00;;Дрели
220 Вольт;Тюмень, Набережная, 54а;;пн.- пт. с 10:00 до 19:00;servis@yandex.ru  ;Кондиционеры
Прогресс;Тюмень, 50 лет ВЛКСМ, 107а;7 (3452) 799-985;пн.- пт. с 10:00 до 19:00;;Дрели
Сервисный центр;Тюмень, Ветеранов Труда, 34а;;пн.- пт. с 10:00 до 19:00;;Блендеры, Холодильники
РемСервис-72;Тюмень, Широтная, 121;;пн.- пт. с 10:00 до 19:00;remservis-72@yandex.ru  ;Блендеры, Холодильники
JСервис;Тюмень, Трактовая, 13Б;7 (3452) 95-94-10;пн.- пт. с 10:00 до 19:00;;Блендеры, Холодильники, Компьютеры
RESTART;Тюмень, Пржевальского, 36;7 (3452) 65-91-75;пн.- пт. с 10:00 до 19:00;79829168880@yandex.ru  ;Автомагнитолы
МТС ТВ;Тюмень, Республики, 143;7 (3452) 21-74-81;пн.- пт. с 10:00 до 19:00;donate@opencart.com  ;Компьютеры, Принтеры
Торгово-сервисная компания;Тюмень, Энергетиков, 66;7 (3452) 93-55-40;пн.- пт. с 10:00 до 19:00;;Телефоны и смартфоны
New Mobile;Тюмень, Беляева, 33 к2;;пн.- пт. с 10:00 до 19:00;djavidan.mexmanov@icloud.com  ;Блендеры, Холодильники
ГОРИЗОНТ;Тюмень, Маршала Захарова, 9;7 (3452) 98-55-19;пн.- пт. с 10:00 до 19:00;;Телефоны и смартфоны
Даром;Тюмень, Островского, 20а;7 (3452) 58-75-20;пн.- пт. с 10:00 до 19:00;;Дрели
Антарес;Тюмень, 30 лет Победы, 113а;7 (3452) 56-20-07;пн.- пт. с 10:00 до 19:00;;Блендеры, Холодильники, Телефоны и смартфоны
Специализированная служба сервисного ремонта;Тюмень, Мичурина, 83;7 (3452) 60-49-72;пн.- пт. с 10:00 до 19:00;;Кондиционеры
ВентПромПроект;Тюмень, Ямская, 87а;7 (3452) 38-96-95;пн.- пт. с 10:00 до 19:00;;Блендеры, Холодильники, Телефоны и смартфоны, Принтеры
Мой Сервис;Тюмень, Калинина, 28а;;пн.- пт. с 10:00 до 19:00;;Дрели
Спецрегион;Тюмень, Ялуторовский тракт 11 км, 9а ст9;7 (3452) 490-320;пн.- пт. с 10:00 до 19:00;mail@specregion.ru  ;Компьютеры
Первый Комиссионный;Тюмень, Пермякова, 69 к1;7 (3452) 28-82-11;пн.- пт. с 10:00 до 19:00;kiberzona72@mail.ru  ;Телефоны и смартфоны
Service Mobile;Тюмень, Николая Гондатти, 2/1;;пн.- пт. с 10:00 до 19:00;;Кондиционеры, Блендеры, Холодильники, Телефоны и смартфоны
Toolbox;Тюмень, Достоевского, 7;7 (3452) 93-39-25;пн.- пт. с 10:00 до 19:00;info@tlbx.ru  ;Автомагнитолы, Телефоны и смартфоны, Принтеры
Megadron;Тюмень, 9 Января, 113;;пн.- пт. с 10:00 до 19:00;megadron72@mail.ru  ;Телефоны и смартфоны
НСМ-Сервис;Тюмень, Широтная, 171 к4;;пн.- пт. с 10:00 до 19:00;info@nsm72.ru  ;Дрели
Спецов;Тюмень, Горпищекомбинатовская, 1а;7 (3452) 58-18-70;пн.- пт. с 10:00 до 19:00;;Компьютеры
Сервис-Системы;Тюмень, Михаила Сперанского, 17;;пн.- пт. с 10:00 до 19:00;;Дрели
Торгово-сервисный центр;Тюмень, Барабинская, 50;;пн.- пт. с 10:00 до 19:00;;Телефоны и смартфоны
Reboot;Тюмень, Республики, 5а;7 (3452) 988-314;пн.- пт. с 10:00 до 19:00;;Телефоны и смартфоны
Торгово-сервисный центр;Тюмень, Энергетиков, 66;;пн.- пт. с 10:00 до 19:00;;Компьютеры
Si-Net Service;Тюмень, Герцена, 53;7 (3452) 38-78-31;пн.- пт. с 10:00 до 19:00;info@komissionkaonline.ru  ;Автомагнитолы, Телефоны и смартфоны
#Re:Fix;Тюмень, Немцова, 101;7 (3452) 98-78-70;пн.- пт. с 10:00 до 19:00;;Принтеры
Трио;Тюмень, Ставропольская, 101/1;7 (3452) 58-91-41;пн.- пт. с 10:00 до 19:00;info@trio72.ru  ;Блендеры, Холодильники
Первый бытовой;Тюмень, Республики, 212;7 (3452) 61-48-51;пн.- пт. с 10:00 до 19:00;;Блендеры, Холодильники
ААА-АйболитРембыт;Тюмень, Олимпийская, 18;7 (3452) 61-24-25;пн.- пт. с 10:00 до 19:00;rembytovoy72@mail.ru  ;Автомагнитолы, Принтеры
ПВМ Сервис;Тюмень, Садовая, 42а;;пн.- пт. с 10:00 до 19:00;;Компьютеры
Абориген 72;Тюмень, ;7 (3452) 49-97-52;пн.- пт. с 10:00 до 19:00;;Телефоны и смартфоны
ИНФОЛАБ72;Тюмень, Брестская, 10/2;7 (3452) 38-17-90;пн.- пт. с 10:00 до 19:00;infolab72@mail.ru  ;Кондиционеры
АМИКС;Тюмень, Фабричная, 1;7 (3452) 54-83-00;пн.- пт. с 10:00 до 19:00;tyumen@amikspro.ru  ;Автомагнитолы, Телефоны и смартфоны
Simple-сервис;Тюмень, Широтная, 92;;пн.- пт. с 10:00 до 19:00;;Блендеры, Холодильники
Ремонтная компания;Тюмень, Широтная, 211/1;7 (3452) 58-98-13;пн.- пт. с 10:00 до 19:00;;Блендеры, Холодильники
Надежный Сервис;Тюмень, Малыгина, 56 к2;7 (3452) 605-204;пн.- пт. с 10:00 до 19:00;;Компьютеры
Тюмень Компьютер-Сервис;Тюмень, 50 лет Октября, 21а;7 (3452) 911-998;пн.- пт. с 10:00 до 19:00;info@tyumen-ks.ru  ;Компьютеры
IT Works;Тюмень, Геологоразведчиков проезд, 42;7 (3452) 28-84-80;пн.- пт. с 10:00 до 19:00;;Принтеры
SHEFER GROUP;Тюмень, Таймырская, 72а;7 (3452) 58-97-38;пн.- пт. с 10:00 до 19:00;kitten@sgtmn.ru;Компьютеры
АБВ;Тюмень, Максима Горького, 44;7 (3452) 57-88-51;пн.- пт. с 10:00 до 19:00;;Принтеры
Логика;Тюмень, Харьковская, 83а к4;7 (3452) 57-91-92;пн.- пт. с 10:00 до 19:00;;Телефоны и смартфоны
SERVICE CENTER TIVI;Тюмень, Магаданская, 13;;пн.- пт. с 10:00 до 19:00;;Блендеры, Холодильники
Мастер`ОК;Тюмень, Широтная, 19а;7 (3452) 38-76-36;пн.- пт. с 10:00 до 19:00;master_ok72@mail.ru  ;Блендеры, Холодильники, Автомагнитолы, Телефоны и смартфоны
Профсервис;Тюмень, Газовиков, 53 к1;7 (3452) 28-54-57;пн.- пт. с 10:00 до 19:00;;Автомагнитолы, Телефоны и смартфоны
Q22;Тюмень, Пермякова, 56;;пн.- пт. с 10:00 до 19:00;;Телефоны и смартфоны
Мобилкин 72;Тюмень, Тульская, 8;;пн.- пт. с 10:00 до 19:00;;Компьютеры
Центр компьютерных услуг;Тюмень, Депутатская, 112;;пн.- пт. с 10:00 до 19:00;;Компьютеры
Магазин компьютерной техники и комплектующих;Тюмень, Первомайская, 58а;;пн.- пт. с 10:00 до 19:00;;Телефоны и смартфоны
#Mr.Gadget;Тюмень, Кремлёвская, 85 к1;7 (3452) 79-99-08;пн.- пт. с 10:00 до 19:00;;Компьютеры
In-COM;Тюмень, 30 лет Победы, 109/2;;пн.- пт. с 10:00 до 19:00;;Блендеры, Холодильники
Стирал Сервис;Тюмень, Геологоразведчиков проезд, 6в;7 (3452) 600-789;пн.- пт. с 10:00 до 19:00;;Кондиционеры
АРТАРИНА;Тюмень, Николая Чаплина, 115;7 (3452) 58-63-33;пн.- пт. с 10:00 до 19:00;;Блендеры, Холодильники
Альянс;Тюмень, Станционная, 26в ст2;;пн.- пт. с 10:00 до 19:00;;Блендеры, Холодильники, Автомагнитолы, Телефоны и смартфоны
КАНИФОЛЬ;Тюмень, Карская, 25;7 (3452) 605-660;пн.- пт. с 10:00 до 19:00;;Блендеры, Холодильники
РемБытТех72.рф;Тюмень, Максима Горького, 10;;пн.- пт. с 10:00 до 19:00;;Телефоны и смартфоны
Apple House;Тюмень, Малыгина, 71;7 (3452) 900-853;пн.- пт. с 10:00 до 19:00;applehouse72@mail.ru  ;Блендеры, Холодильники, Телефоны и смартфоны
KOMI$$IONKA;Тюмень, Заречный проезд, 6;7 (3452) 60-07-78;пн.- пт. с 10:00 до 19:00;;Блендеры, Холодильники
Выездная служба по ремонту стиральных машин;Тюмень, Народная, 44;;пн.- пт. с 10:00 до 19:00;info@example.com;Компьютеры
Fotocom;Тюмень, Малыгина, 71;;пн.- пт. с 10:00 до 19:00;;Автомагнитолы, Телефоны и смартфоны
ЭНТЕРМАЙН;Тюмень, 30 лет Победы, 91а;7 (3452) 98-63-44;пн.- пт. с 10:00 до 19:00;;Блендеры, Холодильники
Веллтекс;Тюмень, Гастелло, 57;7 (3452) 67-12-68;пн.- пт. с 10:00 до 19:00;info@welltex.ru  ;Автомагнитолы, Телефоны и смартфоны
GPU72;Тюмень, Перекопская, 5;7 (3452) 60-45-44;пн.- пт. с 10:00 до 19:00;gpu72.ru@gmail.com  ;Кондиционеры
ГК ПРОМТЕХСЕТИ;Тюмень, Амурская, 2;;пн.- пт. с 10:00 до 19:00;79097408899@mail.ru  ;Телефоны и смартфоны, Принтеры
Апгрейд;Тюмень, Новаторов, 3а;7 (3452) 38-79-07;пн.- пт. с 10:00 до 19:00;;Компьютеры
ТЕХНАРИ;Тюмень, 50 лет Октября, 21а;7 (3452) 57-47-50;пн.- пт. с 10:00 до 19:00;;Телефоны и смартфоны, Принтеры
СуперБайт;Тюмень, Монтажников, 1/4;7 (3452) 93-11-12;пн.- пт. с 10:00 до 19:00;;Блендеры, Холодильники
Эко-Технолоджи;Тюмень, Малиновского, 6;;пн.- пт. с 10:00 до 19:00;;Телефоны и смартфоны
Express 72;Тюмень, Герцена, 97а;;пн.- пт. с 10:00 до 19:00;;Телефоны и смартфоны
IZIKRAT;Тюмень, Максима Горького, 55;7 (3452) 58-98-33;пн.- пт. с 10:00 до 19:00;;Блендеры, Холодильники, Телефоны и смартфоны
СургутСервис;Тюмень, Муравленко, 9 ст1;7 (3452) 28-53-44;пн.- пт. с 10:00 до 19:00;stepa-katalkin@yandex.ru  ;Автомагнитолы, Телефоны и смартфоны, Принтеры
Апгрейд;Тюмень, Республики, 53;7 (3452) 92-02-33;пн.- пт. с 10:00 до 19:00;nfo@upgradeshop72.ru  ;Телефоны и смартфоны, Принтеры
Creative Сервис;Тюмень, Харьковская, 54;7 (3452) 60-84-48;пн.- пт. с 10:00 до 19:00;cp7272@mail.ru  ;Блендеры, Холодильники
Тюменская служба эксплуатации;Тюмень, ;;пн.- пт. с 10:00 до 19:00;m89091928442@yandex.ru  ;Автомагнитолы, Телефоны и смартфоны
Модуль72;Тюмень, Заводская, 19а;;пн.- пт. с 10:00 до 19:00;;Телефоны и смартфоны
beta.Service;Тюмень, Ямская, 118;7 (3452) 54-80-94;пн.- пт. с 10:00 до 19:00;beta.service72@ya.ru  ;Принтеры
re:Start;Тюмень, Салтыкова-Щедрина, 58;8-800-222-83-13;пн.- пт. с 10:00 до 19:00;;Телефоны и смартфоны
Чинилка;Тюмень, Степная, 1а/1;;пн.- пт. с 10:00 до 19:00;;Блендеры, Холодильники
СервисЦентр72;Тюмень, Мельникайте, 126 ст2;;пн.- пт. с 10:00 до 19:00;admin@servicecentr72.ru  ;Блендеры, Холодильники, Автомагнитолы
Телемастерская;Тюмень, Мира, 10;;пн.- пт. с 10:00 до 19:00;;Компьютеры
Мега-М;Тюмень, Закалужская, 83/5;;пн.- пт. с 10:00 до 19:00;;Блендеры, Холодильники
Аристо;Тюмень, Трактовая, 1;;пн.- пт. с 10:00 до 19:00;;Блендеры, Холодильники, Автомагнитолы
Телемастерская;Тюмень, Гагарина, 3а;;пн.- пт. с 10:00 до 19:00;;Дрели
PRO EXPERT;Тюмень, 9 Января, 113;7 (3452) 929-659;пн.- пт. с 10:00 до 19:00;;Телефоны и смартфоны, Принтеры
REMASTER;Тюмень, 50 лет Октября, 21а;7 (3452) 70-23-00;пн.- пт. с 10:00 до 19:00;servicetmn@yandex.ru  ;Блендеры, Холодильники
ТЕХ-ЗАПЧАСТЬ;Тюмень, Щербакова, 207в/1;;пн.- пт. с 10:00 до 19:00;;Блендеры, Холодильники
Ремонтная мастерская;Тюмень, Софьи Ковалевской, 4;;пн.- пт. с 10:00 до 19:00;;Дрели
УМЕЛЕЦ;Тюмень, Николая Семёнова, 27 к1;7 (3452) 21-46-00;пн.- пт. с 10:00 до 19:00;;Телефоны и смартфоны
ПК МОБИ СЕРВИС;Тюмень, Щербакова, 108;;пн.- пт. с 10:00 до 19:00;;Телефоны и смартфоны
ApplePlace;Тюмень, Малыгина, 14;7 (3452) 98-88-39;пн.- пт. с 10:00 до 19:00;razorayrat@mail.ru  ;Телефоны и смартфоны
Remobile72;Тюмень, Широтная, 129 к3;;пн.- пт. с 10:00 до 19:00;;Принтеры
Сервисный центр;Тюмень, Мельникайте, 85а;;пн.- пт. с 10:00 до 19:00;;Дрели
Ремонт-Экспресс;Тюмень, Воронинские горки проезд, 162;7 (3452) 60-34-09;пн.- пт. с 10:00 до 19:00;;Блендеры, Холодильники
ОТК Сервис 72;Тюмень, Пермякова, 21;7 (3452) 38-89-53;пн.- пт. с 10:00 до 19:00;otkservice72@yandex.ru  ;Телефоны и смартфоны
MG garant service;Тюмень, Юганский проезд, 4;;пн.- пт. с 10:00 до 19:00;;Телефоны и смартфоны
Red Line;Тюмень, Евгения Богдановича, 11 к3;;пн.- пт. с 10:00 до 19:00;;Блендеры, Холодильники
Сервисный центр;Тюмень, Минская, 32;7 (3452) 60-58-06;пн.- пт. с 10:00 до 19:00;;Телефоны и смартфоны
Первая компьютерная клиника;Тюмень, Пермякова, 21;7 (3452) 94-43-44;пн.- пт. с 10:00 до 19:00;oneitru11@gmail.com  ;Принтеры
Принтер72.рф;Тюмень, Мельникайте, 95а/1;7 (3452) 98-22-48;пн.- пт. с 10:00 до 19:00;;Блендеры, Холодильники
Муж на час 72;Тюмень, ;7 (3452) 60-47-00;пн.- пт. с 10:00 до 19:00;;Телефоны и смартфоны
SmartФеникс;Тюмень, Луговая 2-я, 35;;пн.- пт. с 10:00 до 19:00;;Автомагнитолы, Телефоны и смартфоны, Принтеры
АЙБИЭМ72;Тюмень, Тульская, 8;;пн.- пт. с 10:00 до 19:00;;Компьютеры
iTSolik;Тюмень, Новая 1-я, 89а;;пн.- пт. с 10:00 до 19:00;;Телефоны и смартфоны
Globus;Тюмень, Невская, 33;;пн.- пт. с 10:00 до 19:00;;Телефоны и смартфоны
iCase;Тюмень, 50 лет Октября, 54;7 (3452) 56-40-85;пн.- пт. с 10:00 до 19:00;;Блендеры, Холодильники, Автомагнитолы, Телефоны и смартфоны
Город Сервис;Тюмень, Василия Гольцова, 2;7 (3452) 49-52-33;пн.- пт. с 10:00 до 19:00;;Компьютеры
S-Office;Тюмень, Республики, 211а;7 (3452) 38-73-72;пн.- пт. с 10:00 до 19:00;;Блендеры, Холодильники, Телефоны и смартфоны
Винтик & Шпунтик;Тюмень, Мельникайте, 54/1;;пн.- пт. с 10:00 до 19:00;;Компьютеры
АйтиСофт;Тюмень, Республики, 211;7 (3452) 50-01-27;пн.- пт. с 10:00 до 19:00;;Блендеры, Холодильники, Дрели
Мастерская по ремонту инструментов и бытовой техники;Тюмень, Евгения Богдановича, 16/4;;пн.- пт. с 10:00 до 19:00;;Автомагнитолы, Телефоны и смартфоны
Частный мастер;Тюмень, Пермякова, 60;7 (3452) 61-28-87;пн.- пт. с 10:00 до 19:00;;Телефоны и смартфоны
Global service;Тюмень, Олимпийская, 36;;пн.- пт. с 10:00 до 19:00;;Принтеры
ПиКолор;Тюмень, Котовского, 5 к1;7 (3452) 94-91-81;пн.- пт. с 10:00 до 19:00;;Телефоны и смартфоны
Первый мобильный сервис;Тюмень, Мельникайте, 99;;пн.- пт. с 10:00 до 19:00;;Дрели
GeekShop;Тюмень, Урицкого, 5;7 (3452) 55-19-90;пн.- пт. с 10:00 до 19:00;;Блендеры, Холодильники
ГарантПрофСервис;Тюмень, Елизарова, 76;7 (3452) 95-62-01;пн.- пт. с 10:00 до 19:00;;Телефоны и смартфоны
Key two;Тюмень, Грибоедова, 13;;пн.- пт. с 10:00 до 19:00;; ,Ремонт компьютеров,Ремонт мобильных устройств связи
